{
    "teamA": [
        "CyberNinja",
        "SRxMrCroustillant",
        "VRxMaster",
        "YKxKiruaX"
    ],
    "teamB": [
        "QuantumGamer",
        "SRxAzWaK",
        "SRxEny",
        "SRxT4all"
    ],
    "avgA": 0.4544674039983171,
    "avgB": 0.44951931997053923,
    "pA": 0.5027368123317418,
    "pB": 0.49726318766825817,
    "diff": 0.0027368123317418336
}