{
    "teamA": [
        "CyberNinja",
        "SRDxNiko",
        "SRxGeriko",
        "SRxMrCroustillant"
    ],
    "teamB": [
        "QuantumGamer",
        "SRxT4all",
        "YKxKiruaX",
        "YKxNatinasss"
    ],
    "avgA": 0.45396652824074124,
    "avgB": 0.4487406167508423,
    "pA": 0.5028945774490062,
    "pB": 0.49710542255099377,
    "diff": 0.0028945774490062304
}