{
    "teamA": [
        "SRDxNiko",
        "SRxEny",
        "SRxGeriko",
        "SRxT4all"
    ],
    "teamB": [
        "SRxAzWaK",
        "SRxMrCroustillant",
        "YKxKiruaX",
        "YKxNatinasss"
    ],
    "avgA": 0.4481053040404045,
    "avgB": 0.44810930726010156,
    "pA": 0.4999977665953854,
    "pB": 0.5000022334046146,
    "diff": 2.233404614582213e-06
}