{
    "teamA": [
        "Player1",
        "Player2",
        "Player3",
        "Player6"
    ],
    "teamB": [
        "Player4",
        "Player5",
        "Player7",
        "Player8"
    ],
    "avgA": 0.5389471010181954,
    "avgB": 0.5388534263160456,
    "pA": 0.5000434564187779,
    "pB": 0.4999565435812221,
    "diff": 4.345641877789852e-05
}